"alternative","casual chic","classic","edgy","girly","sporty","trendy","Error","Rate"
3,3,2,1,0,2,2,0.7692307692307693,"10 / 13"
4,12,4,0,1,1,0,0.4545454545454546,"10 / 22"
2,3,20,0,1,0,1,0.25925925925925924,"7 / 27"
1,3,2,2,0,2,1,0.8181818181818182,"9 / 11"
0,7,3,0,3,0,4,0.8235294117647058,"14 / 17"
1,0,3,0,0,10,0,0.2857142857142857,"4 / 14"
3,5,2,1,3,0,13,0.5185185185185185,"14 / 27"
14,33,36,4,8,15,21,0.5190839694656488,"68 / 131"
