"alternative","casual chic","classic","edgy","girly","sporty","trendy","Error","Rate"
8,2,0,1,0,1,0,0.3333333333333333,"4 / 12"
2,9,1,0,0,0,0,0.25,"3 / 12"
2,1,11,0,0,0,1,0.26666666666666666,"4 / 15"
1,3,0,4,0,1,0,0.5555555555555556,"5 / 9"
0,2,0,0,11,0,0,0.15384615384615383,"2 / 13"
0,0,0,0,0,7,0,0.0,"0 / 7"
0,1,3,0,3,0,17,0.2916666666666667,"7 / 24"
13,18,15,5,14,9,18,0.2717391304347826,"25 / 92"
