"alternative","casual chic","classic","edgy","girly","sporty","trendy","Error","Rate"
5,1,0,0,0,0,0,0.16666666666666666,"1 / 6"
5,5,0,0,1,0,2,0.6153846153846154,"8 / 13"
1,3,6,1,0,0,0,0.4545454545454546,"5 / 11"
4,2,3,3,0,0,2,0.7857142857142857,"11 / 14"
0,0,0,0,11,0,1,0.08333333333333333,"1 / 12"
0,0,0,0,0,11,1,0.08333333333333333,"1 / 12"
1,1,3,0,0,0,18,0.21739130434782608,"5 / 23"
16,12,12,4,12,11,24,0.3516483516483517,"32 / 91"
