"alternative","casual chic","classic","edgy","girly","sporty","trendy","Error","Rate"
3,1,3,1,0,3,2,0.7692307692307693,"10 / 13"
4,11,5,0,1,1,0,0.5,"11 / 22"
1,4,20,0,1,0,1,0.25925925925925924,"7 / 27"
1,2,3,2,0,2,1,0.8181818181818182,"9 / 11"
0,7,4,0,5,0,1,0.7058823529411765,"12 / 17"
1,0,3,0,0,10,0,0.2857142857142857,"4 / 14"
3,5,3,1,1,0,14,0.48148148148148145,"13 / 27"
13,30,41,4,8,16,19,0.5038167938931297,"66 / 131"
