"casual chic","classic","edgy","girly","sporty","trendy","Error","Rate"
22,5,1,3,1,3,0.37142857142857144,"13 / 35"
7,12,4,0,0,4,0.5555555555555556,"15 / 27"
4,4,1,0,1,1,0.9090909090909092,"10 / 11"
8,3,0,3,0,3,0.8235294117647058,"14 / 17"
1,1,1,0,11,0,0.21428571428571427,"3 / 14"
9,2,2,2,0,12,0.5555555555555556,"15 / 27"
51,27,9,8,13,23,0.5343511450381679,"70 / 131"
